id,title,content,excerpt,category,thumbnail_url,author,read_time,views,created_at,is_trending
1,Global Macro Analysis Q3 2026: Interest Rate Pivots & Inflation Control,"
# Global Macro Analysis Q3 2026

As central banks navigate complex labor statistics and persistent underlying price pressures, institutional investors are recalculating portfolio durations. 

## Key Monetary Trends

1. **Yield Curve Normalization**: The long-standing inversion in sovereign debt yields is gradually uncoiling, signalling shifts in forward growth expectations.
2. **Equity Valuation Multiples**: High-performing tech sectors continue to command premium price-to-earnings ratios, while defensive sectors offer attractive dividend yields.
3. **Currency Volatility**: Emerging market currencies display resilience as trade flows realign toward high-growth corridors in Asia and Latin America.

### Strategic Portfolio Takeaways

Investors should maintain balanced exposure between inflation-hedged physical commodities, private credit instruments, and high-quality dividend-growth equities.
            ","An in-depth breakdown of global central bank shifts, yield curve inversions, and institutional asset allocation strategies in the evolving macroeconomic landscape.",Macroeconomics,https://images.unsplash.com/photo-1611974789855-9c2a0a7236a3?auto=format&fit=crop&w=1000&q=80,Tushar Singh,7 min read,1436,2026-07-31 10:58:12,0
2,DeFi 3.0 & Real World Asset Tokenization: The Institutional Gateway,"
# The Convergence of Real-World Assets and Blockchain Tech

Real-World Asset (RWA) tokenization has scaled past $15 Billion in Total Value Locked (TVL). Institutional treasury desks are increasingly adopting tokenized money market funds for instant, 24/7 liquidity management.

## Driving Catalysts

- **Instant Settlement**: T+0 settlement cycles eliminate traditional custodian lag.
- **Yield Optimization**: Automated yield routing across audited lending protocols unlocks capital efficiency.
- **Regulatory Clarity**: Standardized compliance frameworks across major financial hubs provide corporate treasurers with legal certainty.
            ",How tokenized U.S. Treasury bills and private credit protocols are bridging traditional finance liquidity with decentralized settlement rails.,Cryptocurrency,https://images.unsplash.com/photo-1639762681485-074b7f938ba0?auto=format&fit=crop&w=1000&q=80,Alex Vance,6 min read,989,2026-07-31 10:58:12,0
3,Building Tax-Efficient Wealth: A Guide to High Net Worth Asset Location,"
# Tax Efficiency in High Net Worth Wealth Preservation

Maximizing net investment income is not merely a matter of security selection; it requires precise asset location strategy.

## Three-Tiered Location Strategy

1. **Taxable Brokerage Accounts**: Ideal for broad-market index ETFs and capital gains assets qualified for long-term tax rates.
2. **Tax-Deferred Accounts (Traditional IRA / 401k)**: Best suited for high-yielding corporate bonds and active trading strategies subject to short-term income rates.
3. **Tax-Exempt Accounts (Roth IRA / Roth 401k)**: Reserve for your highest expected growth vehicles, such as early-stage tech growth equities and alternative investments.
            ","Optimizing returns by strategically distributing growth equities, bonds, and real estate assets across taxable, tax-deferred, and tax-exempt accounts.",Wealth Management,https://images.unsplash.com/photo-1559526324-4b87b5e36e44?auto=format&fit=crop&w=1000&q=80,Sophia Chen,8 min read,2152,2026-07-31 10:58:12,0
4,Quantitative Trading Strategies: Leveraging Machine Learning for Alpha Generation,"
# Machine Learning in Systematic Trading

Systematic funds are incorporating natural language processing (NLP) and transformer-based sentiment encoders to evaluate earnings transcripts within seconds of release.

## Key Algorithmic Pillars

- **Factor Modeling**: Combining momentum, value, quality, and low volatility factors into dynamic weighting matrices.
- **Execution Optimization**: Utilizing TWAP and VWAP algorithms to minimize market impact cost during large institutional block orders.
- **Risk Metrics**: Real-time VaR (Value at Risk) stress testing under tail-risk market conditions.
            ","Exploring statistical arbitrage, algorithmic trend following, and sentiment analysis models transforming modern systematic hedge funds.",Quantitative Finance,https://images.unsplash.com/photo-1642543492481-44e81e3914a7?auto=format&fit=crop&w=1000&q=80,Tushar Singh,10 min read,3106,2026-07-31 10:58:12,0
5,Equity Valuation & Financial Modelling — Dabur India 3-Statement Model,"Completed a 3-Statement Financial Model of Dabur India, integrating the Income Statement, Balance Sheet, and Cash Flow Statement to forecast the company's financial performance.

Key Insights:
• Revenue growth remains steady, supported by the strength of Dabur's FMCG portfolio.
• Gross margins stay resilient despite fluctuations in raw material costs.
• Operating margins improve gradually through better cost management and efficiency.
• Working capital assumptions play a crucial role in determining free cash flow generation.
• Capital expenditure remains disciplined, reflecting an asset-light growth approach.
• Cash flow from operations continues to be the primary source of liquidity.
• Debt levels remain manageable, indicating a strong and stable financial position.
• The integrated model ensures that every financial statement is linked, maintaining balance sheet integrity and accurate cash flow forecasting.
• Sensitivity to revenue growth and operating margins highlights the importance of key forecasting assumptions.","Completed a 3-Statement Financial Model of Dabur India, integrating the Income Statement, Balance Sheet, and Cash Flow Statement to forecast the company's financial performance.",Financial Valuation,https://images.unsplash.com/photo-1554224155-8d04cb21cd6c?auto=format&fit=crop&w=1000&q=80,Tushar Singh,5 min read,1866,2026-08-05 06:28:11,0